time,close,high,low,open,volumefrom,volumeto
1352073600,10.92,11.22,10.61,10.8,80505.89,873641
1352332800,10.89,11.07,10.75,10.92,54276.42,590890.22
1352592000,10.95,11.18,10.7,10.89,68600.16,751897.35
1352851200,11.75,11.8,10.82,10.95,114697.42,1291415.19
1353110400,11.8,11.84,11.52,11.75,59817.52,700017.2
1353369600,12.42,12.43,11.57,11.8,104749.28,1247182.86
1353628800,12.48,12.6,12.13,12.42,62561.98,775418.92
1353888000,12.35,12.65,11.89,12.48,99796.72,1222346.13
1354147200,12.56,12.69,12.15,12.35,65552.07,820226.23
1354406400,13.41,13.5,12.43,12.56,104017.25,1336146.36
1354665600,13.5,13.69,12.9,13.41,109157.04,1456579.27
1354924800,13.43,13.55,13.02,13.5,66003.03,881109.54
1355184000,13.7,13.8,13.3,13.43,89922.79,1222570.56
1355443200,13.3,13.9,13,13.7,128092.19,1727613.18
1355702400,13.6,13.6,12.75,13.3,125658.86,1666582.5
1355961600,13.37,13.72,13.32,13.6,73094.21,987385.76
1356220800,13.35,13.47,13.01,13.37,53836.06,715546.35
1356480000,13.42,13.65,13.2,13.35,59475.19,796884.31
1356739200,13.51,13.67,13.27,13.42,52963.13,713798.4
1356998400,13.4,13.56,13.16,13.51,64405.27,858881.39
1357257600,13.45,13.55,13.27,13.4,63712.98,856313.87
1357516800,13.77,13.88,13.4,13.45,96882.47,1324499.43
1357776000,14.24,14.35,13.77,13.77,119177.41,1680014.71
1358035200,14.25,14.48,13.95,14.24,112000.33,1588204.64
1358294400,15.7,15.99,14.21,14.25,167119.48,2533771.32
1358553600,16.8,16.98,15.25,15.7,122073.05,1950809.27
1358812800,16.9,19.19,15.61,16.8,282423.71,4950309.44
1359072000,17.82,18,15.39,16.9,139344.91,2362525.41
1359331200,19.7,19.8,17.75,17.82,188816.35,3585600.98
1359590400,19.63,21.43,18,19.7,229645.83,4644183.07
1359849600,20.6,21.05,19.42,19.63,115675.88,2361369.49
1360108800,22.66,22.77,20.6,20.6,164903.3,3575540.45
1360368000,24.65,24.68,22.58,22.66,124085.81,2920006.39
1360627200,27.22,27.6,21.72,24.65,310124.88,7869654.63
1360886400,26.81,27.51,25,27.22,147583.31,3941054.53
1361145600,29.65,29.87,26.36,26.81,166652.88,4702584.21
1361404800,29.8,31.3,28,29.65,173960.37,5170035.77
1361664000,31.1,31.7,29.2,29.8,93918.17,2857506.47
1361923200,34.5,34.9,30.79,31.1,196776.33,6449996.37
1362182400,36.15,36.7,33.15,34.5,95958.57,3328283.99
1362441600,42,49.1,33.3,36.15,369193.32,15513555.65
1362700800,46,47.95,41.02,42,127935.11,5756613.74
1362960000,46.92,48.47,36.65,46,274316.53,12283974.08
1363219200,47,47.99,46.05,46.92,73643.13,3471776.04
1363478400,59.14,62,46.8,47,190952.34,10047582.64
1363737600,69.87,74.9,57.7,59.14,260641.54,17462796.89
1363996800,73.6,78,52.35,69.87,272229,18247012.83
1364256000,86.18,95.7,73.11,73.6,269157.22,22768227.56
1364515200,93.03,94.98,83.01,86.18,141588.67,12763157.46
1364774400,135,147,92.24,93.03,324561.57,37340180.35
1365033600,142.63,144.94,116.39,135,175239.73,23773047.48
1365292800,230,240.11,142.63,142.63,281047.7,52858809.07
1365552000,117,266,54.25,230,865390.47,101604532.62
1365811200,82.39,130,71.51,117,641295.55,63082206.93
1366070400,109.01,113,50.01,82.39,1072955.8,82184747.49
1366329600,119.2,136.43,105.54,109.01,430662.04,51981199.9
1366588800,154.2,166.43,118.5,119.2,401194.52,57279484.25
1366848000,128,162,120.09,154.2,376543.17,51764660.5
1367107200,139.23,149.08,127.5,128,162962.11,22776923.24
1367366400,98.1,140.06,79,139.23,660654.78,69231194.04
1367625600,112.25,124.9,92,98.1,366901.01,41312942.65
1367884800,112.8,116.78,97.52,112.25,228336.76,24910615.7
1368144000,114.82,122.5,111.54,112.8,126123.02,14747549.23
1368403200,114.22,119.8,103.02,114.82,231919.39,26151932.25
1368662400,123.21,125.56,112.1,114.22,147008.02,17634943
1368921600,122.89,124.5,119.5,123.21,51274.65,6263633.2
1369180800,133.1,133.98,122,122.89,89200.37,11359091.3
1369440000,129.77,136,124,133.1,87022.23,11390777.16
1369699200,128.8,132.72,125.4,129.77,66750.41,8624159.77
1369958400,122.5,130.1,115,128.8,124068.34,15276272.53
1370217600,121.9,123.99,115.11,122.5,67484.12,8117741.58
1370476800,107.89,123.3,106.15,121.9,105089.42,11892442.07
1370736000,109,110.63,88,107.89,229883.42,23162107.43
1370995200,100,112.25,97.1,109,84189.47,8768375.72
1371254400,101.95,103.7,97.5,100,46380.79,4664138.42
1371513600,111.29,114.48,101.03,101.95,121264.11,13201633.25
1371772800,107.9,115.01,106.2,111.29,56408.37,6220917.36
1372032000,104,109.98,100,107.9,135837.52,14124731.05
1372291200,95,104,92.25,104,88032.09,8600816.75
1372550400,90.41,98.18,86.01,95,89509.98,8186964.61
1372809600,68.5,91.2,65.42,90.41,228227.27,17581194.16
1373068800,76,80,66.6,68.5,142978.69,10468365.24
1373328000,88.98,90.7,72.51,76,128165.23,10528422.63
1373587200,94.42,104.17,87.76,88.98,148346.97,14184093.25
1373846400,98.5,101.94,93.11,94.42,68308.91,6737113.33
1374105600,89.82,98.8,86.2,98.5,96611.69,8828068.22
1374364800,95.56,97.13,88,89.82,42483.07,3958358.8
1374624000,96.02,97.48,92.3,95.56,48264.99,4633634.01
1374883200,101.48,102.85,93,96.02,82087.27,8090690.59
1375142400,104,111.65,100.47,101.48,88367.19,9390456.85
1375401600,105.12,108,101.21,104,42782.69,4487357.13
1375660800,105.99,107.77,105,105.12,36566.2,3892197.73
1375920000,103,106.65,100.96,105.99,40045.46,4131710.45
1376179200,109.6,109.64,102.7,103,47005.38,4999703.7
1376438400,108.99,115,108,109.6,79969.47,8934353.83
1376697600,118.5,123.75,108.23,108.99,75468.19,8797125.35
1376956800,122,125,116.82,118.5,68884.89,8382806.65
1377216000,122.11,122.99,118.02,122,35870.27,4297758.32
1377475200,128.76,133,119.92,122.11,77857.75,9896371.47
1377734400,141,148.7,128.18,128.76,85436.44,11781855.22
1377993600,144,148.91,141,141,41747.97,6043577.69
1378252800,121.9,145.8,121.9,144,74952.26,9942708.43
1378512000,133.1,137.48,121.25,121.9,51224.04,6631991.08
1378771200,139.35,145.9,127.5,133.1,70961.19,9776970.98
1379030400,138.3,145.6,135.04,139.35,35453.25,4993829.4
1379289600,140.41,142.23,137.9,138.3,29744.51,4153268.6
1379548800,134.38,141.2,131,140.41,37154.99,5029566.32
1379808000,134.78,136.59,131,134.38,20467.15,2730572.19
1380067200,138.93,142.66,134.7,134.78,43191.25,5938200.89
1380326400,141.9,145.81,138.02,138.93,46389.08,6597569.48
1380585600,130.99,144.44,109.7,141.9,156159.88,19722023.59
1380844800,137.8,139.8,128.5,130.99,28392.72,3836682.87
1381104000,139.5,142.1,135.12,137.8,30083.75,4145098.42
1381363200,142.89,143.05,138.51,139.5,29351.2,4123971.81
1381622400,158.09,158.1,141.5,142.89,61891.13,9271337.93
1381881600,168.28,168.29,144.2,158.09,84552.79,13332129.44
1382140800,192.78,197.37,167.08,168.28,90795.83,16701334.4
1382400000,206.98,233.38,175.3,192.78,170508.26,34937506.75
1382659200,206.91,208.97,176.6,206.98,61993.25,11890719.4
1382918400,208,216.5,200.42,206.91,34561.78,7260472.08
1383177600,211.69,214.99,205.43,208,16049.06,3414327.73
1383436800,251.3,258.87,212.1,211.69,75432.23,17957482.87
1383696000,355,358,251.41,251.3,169581.94,50878694.89
1383955200,362.98,394.99,289.96,355,142162.39,48983676.41
1384214400,433.4,447.49,358.97,362.98,89449.25,36543175.45
1384473600,528.3,536.75,412.97,433.4,73979.7,34352077.65
1384732800,637.97,900.92,453.29,528.3,262767.99,165305275.56
1384992000,832.5,890.03,595.19,637.97,90196.29,67723327.24
1385251200,969.96,974.96,745.21,832.5,83943.91,70500558.25
1385510400,1206.93,1241.92,914.27,969.96,113962.47,125811659.44
1385769600,1096.56,1232.94,840.27,1206.93,132062.46,140745953.93
1386028800,1106.35,1239.86,869.99,1096.56,94081.59,103568446.38
1386288000,803.96,1118.93,576.03,1106.35,182390.33,144518643.11
1386547200,919.93,1067.7,787.73,803.96,74089.17,69339427.08
1386806400,908.94,989.89,839.51,919.93,38875.5,35504023.23
1387065600,714.97,927.9,678.88,908.94,88204.93,69135132.44
1387324800,649.96,774.39,454.86,714.97,191032.83,116800119.8
1387584000,713.24,724.92,610,649.96,41425.56,27454413.03
1387843200,801.98,829.63,665.98,713.24,39819.25,29578356.81
1388102400,784.96,836.83,715.6,801.98,34262.07,26650067.48
1388361600,815.94,829.93,770.97,784.96,30407.07,24369647.48
1388620800,924.69,932.16,810.47,815.94,36759.65,32021163.95
1388880000,879.9,1093.44,879.85,924.69,67115.83,66165523.76
1389139200,957.76,966.9,858.9,879.9,34861.18,32053982.23
1389398400,922.91,1022.67,879.94,957.76,31245.12,29789157.22
1389657600,913.49,973.09,904.19,922.91,16243.51,15128703.97
1389916800,954.8,958.07,867.22,913.49,23924.38,21768499.29
1390176000,950.95,980.54,925.96,954.8,21774.88,20773733.5
1390435200,961.05,978.41,902.89,950.95,16351.83,15320770.85
1390694400,932.68,1038.06,911.65,961.05,31807.14,30864934.93
1390953600,938.85,954.71,909.46,932.68,15413.47,14306090.02
1391212800,931.71,969.19,927.8,938.85,8737.9,8215977.4
1391472000,828.87,949.1,800.93,931.71,30766.33,26836696.99
1391731200,659.57,833.07,622.53,828.87,92667.95,65102254.74
1391990400,531.13,700.04,500.04,659.57,78157.36,45584499.49
1392249600,371.07,549.2,302.18,531.13,145379.1,57777763.21
1392508800,293.95,540.03,220.37,371.07,186497.95,56929975.84
1392768000,111.56,308.63,91.66,293.95,216276.22,35342570.15
1393027200,174,349.15,96.72,111.56,205838.63,40926216.75
1393286400,596.49,650,102.33,174,31526.52,4699482.4
1393545600,544.56,599,262.77,596.49,1737,1041000.12
1393804800,658.3,695.44,545.42,544.56,3888.52,2598093.12
1394064000,609.21,661.83,588.58,658.3,6569.91,4201674.28
1394323200,608.69,637.6,594.7,609.21,7010.57,4379706.35
1394582400,614.03,640.79,608.2,608.69,10606.63,6705020.71
1394841600,606.38,628.83,602.74,614.03,10333.94,6451246.64
1395100800,565.99,611.72,560.35,606.38,11474.6,6870530.4
1395360000,551.16,587.42,537.16,565.99,11722.57,6538360.48
1395619200,562.45,575.42,531.27,551.16,11239.57,6284204.63
1395878400,477.11,567.75,453.75,562.45,12181.33,6120940.77
1396137600,463.45,487.35,422.49,477.11,11979.44,5466199.59
1396396800,444.36,480.27,386.67,463.45,10970.34,4840004.9
1396656000,462.38,485.06,439.37,444.36,8704.36,4022793.01
1396915200,384.63,480.69,384.63,462.38,11435.3,5196021.34
1397174400,427.6,469.83,355.71,384.63,15323.73,6611900.92
1397433600,536.95,549.05,420.08,427.6,23683.04,11684781.31
1397692800,506.02,537.03,472,536.95,24738.43,12365332.2
1397952000,487.91,524.67,483.39,506.02,20717.8,10392458.07
1398211200,464.49,509.96,438.33,487.91,15417.66,7416059.84
1398470400,441.92,468.68,420.78,464.49,18397.62,8317417.12
1398729600,460.13,464.49,430.71,441.92,12004.16,5417657.83
1398988800,436.05,463.38,428.79,460.13,9327.68,4146181.21
1399248000,446.55,458.78,420.23,436.05,12258.11,5347739.31
1399507200,451.9,459.46,438.5,446.55,5256.94,2358281.49
1399766400,433.92,455.4,429.02,451.9,5929.35,2619550.57
1400025600,453.63,455.15,433.88,433.92,6127.93,2766948.71
1400284800,443.9,455.94,441.2,453.63,4505.3,2033045.89
1400544000,515.36,519.25,437.25,443.9,6418.41,3161539.02
1400803200,570.44,575.19,510.42,515.36,7494.86,3987888.37
1401062400,570.84,586.41,555.28,570.44,9881.55,5714993.49
1401321600,627.91,629.04,557.7,570.84,14350.14,8548462.33
1401580800,669.43,676.47,621.95,627.91,12046.67,7856754.59
1401840000,650.41,669.78,602.1,669.43,14394.71,9405528.35
1402099200,644.35,659.77,639.08,650.41,8540.63,5592596.27
1402358400,597.13,663.04,591.12,644.35,11945.86,7760944.14
1402617600,582.29,619.14,560.85,597.13,16487.73,9869937.58
1402876800,606.21,614.4,580.45,582.29,10302.82,6261719.43
1403136000,597.04,612.58,584.82,606.21,10038.16,6119862.51
1403395200,588.77,610.08,582.86,597.04,7767.05,4676314.32
1403654400,602.23,603.94,565.85,588.77,10627.25,6213781.03
1403913600,635.14,637.28,593.19,602.23,9663.97,5909786.53
1404172800,638.03,652.54,604.58,635.14,12900.79,8356096.4
1404432000,626.65,642.22,619.69,638.03,9549.92,6024820.03
1404691200,623,627.93,607.32,626.65,8802.38,5516326.75
1404950400,635.9,638.59,611.66,623,10161.87,6401656.59
1405209600,619.6,638.64,616.06,635.9,7950.4,4994849.33
1405468800,627.47,632.55,610.01,619.6,9264.02,5816009.81
1405728000,625.13,634.14,615.02,627.47,8798.07,5544649.4
1405987200,601.87,628.81,599.38,625.13,10189.17,6337906.11
1406246400,595.03,609.06,593.25,601.87,12928.67,7805835.66
1406505600,564.64,597.49,564.18,595.03,13153.51,7752345.45
1406764800,591.72,603.99,564.01,564.64,14571.07,8693418.65
1407024000,588.76,595.09,580.62,591.72,8763.96,5229403.15
1407283200,595.85,608.2,587.2,588.76,8620.34,5143998.1
1407542400,575.89,596.64,571.72,595.85,5325.39,3152569.83
1407801600,504.8,578.29,495.94,575.89,19024.03,10162773
1408060800,485.5,524.71,478.22,504.8,11781.56,5948809.82
1408320000,516.78,521.84,449.95,485.5,17384.99,8414688.35
1408579200,497.68,537.17,493.98,516.78,14803.61,7687994.4
1408838400,512.56,516.04,496.81,497.68,8801.44,4534942.22
1409097600,512.56,527.37,503.34,512.56,11893.22,6166353.64
1409356800,477.19,512.91,471.78,512.56,15511.88,7581201.18
1409616000,490.99,498.47,470.54,477.19,21698.62,10655677.19
1409875200,485.75,495.02,478.49,490.99,13392.01,6651640.45
1410134400,479.7,491.04,467.52,485.75,23722.05,11536764.96
1410393600,478.17,488.92,471.14,479.7,16709.81,8171261.46
1410652800,466.75,480.33,463.95,478.17,16357.96,7924806.71
1410912000,397.67,469.39,386.1,466.75,31398.34,13531878.47
1411171200,404.09,427.69,387.5,397.67,38225.26,15681185.78
1411430400,412.29,445.51,394.75,404.09,53932.89,22852234.75
1411689600,379.08,416.42,374.12,412.29,35787.49,14370246.5
1411948800,382.84,395.18,372.63,379.08,55336.61,21338035.76
1412208000,335.32,385.59,327.1,382.84,54144.76,19800412.38
1412467200,331.65,347.94,294.92,335.32,101196.55,33230680.3
1412726400,361.71,384.61,325.43,331.65,85771.33,30828394.22
1412985600,387.32,391.22,350.49,361.71,48730,18062191.26
1413244800,379.77,407.74,371.56,387.32,72137.1,28416790.01
1413504000,387.28,395.71,372.42,379.77,31339.18,12070787.27
1413763200,378.93,388.24,376.97,387.28,30748.65,11886225.98
1414022400,346.72,381.08,341.53,378.93,53198.82,19114400.2
1414281600,351.06,356.8,344.19,346.72,31612.09,11226049.55
1414540800,337.87,352.83,333.44,351.06,42388.83,14596350.98
1414800000,324.24,339,319.81,337.87,39104.47,12854648.98
1415059200,347.67,351.14,320.11,324.24,46602.9,15686402.71
1415318400,362.04,362.21,339.8,347.67,35833.45,12516673.86
1415577600,432.03,442.73,356.6,362.04,77124.08,29941916.82
1415836800,374.86,480.45,367.97,432.03,107260.09,44740926.37
1416096000,379.16,412.33,370.54,374.86,69045.43,26844911.41
1416355200,351.77,389.29,343.8,379.16,65319.08,23968093.06
1416614400,378.85,388.72,350.51,351.77,49922.26,18381542.15
1416873600,368.83,395.73,363.99,378.85,83146.25,31465639.47
1417132800,374.93,389.3,358.37,368.83,137756.71,52371001.18
1417392000,376.96,384.87,373.02,374.93,68463.13,26096461.66
1417651200,376.26,380.43,366.24,376.96,66393.87,24954489.55
1417910400,352.19,377.88,343.82,376.26,75556.53,27370162.33
1418169600,353.4,367.13,337.8,352.19,105065.35,37089055.79
1418428800,345.37,353.1,343.56,353.4,54045.5,18912293.96
1418688000,310.34,346.45,303.4,345.37,160444.5,51768542.68
1418947200,322.63,332.62,306.36,310.34,92300.98,29634197
1419206400,322.4,339.32,319.89,322.63,80954.66,26864881.74
1419465600,315.34,332.88,311.98,322.4,60026.31,19385304.72
1419724800,311.27,322.84,308.28,315.34,63546.94,20103349.04
1419984000,315.21,321.36,308.89,311.27,48045.57,15219861.74
1420243200,274.84,315.83,255.87,315.21,191128.96,53460339.55
1420502400,282.69,296.06,271.52,274.84,72789.05,20721116.72
1420761600,264.77,290.59,263.76,282.69,50760.72,14233312.08
1421020800,164.92,273.08,157.29,264.77,291565.41,62556862.87
1421280000,199.65,231.26,164.55,164.92,230118.72,47566500.69
1421539200,210.55,220.73,192.51,199.65,109430.52,23100346.08
1421798400,232.17,238.78,207.11,210.55,135057.04,30754077.79
1422057600,269.18,310.91,229.58,232.17,189142.44,50327889.5
1422316800,233.99,276.9,220.36,269.18,168517.18,41734847.39
1422576000,225.29,244.83,209.71,233.99,131544.83,30019893.23
1422835200,226.58,247.48,220.23,225.29,157336.79,36461376.68
1423094400,227.68,231,214.35,226.58,132919.38,29730864.61
1423353600,219.67,230.23,214.44,227.68,206881.19,45634954.26
1423612800,236.17,241.58,217.28,219.67,234097.14,53236981.92
1423872000,235.83,264.57,226.56,236.17,428406.57,104422423.8
1424131200,241.92,247.17,231.7,235.83,281975.22,67592370.58
1424390400,235.73,247.76,232.72,241.92,202237.61,49112967.89
1424649600,237.33,240.25,231.33,235.73,145801.69,34736858.36
1424908800,254.06,258.72,233.5,237.33,258089.45,64347383.14
1425168000,280.65,287.06,244.77,254.06,297237.72,80177283.88
1425427200,272.56,284.47,262.81,280.65,361438.26,99271321.39
1425686400,290.02,293.26,269.41,272.56,262886.4,73870024.78
1425945600,293.85,300.96,288.12,290.02,345480.27,101808225.08
1426204800,284.88,294.92,279.3,293.85,212516.6,61023327.25
1426464000,255.92,294.01,248.19,284.88,338093.36,93522546.84
1426723200,259.71,264.8,247,255.92,285176.45,73791623.32
1426982400,246.72,271.01,242.67,259.71,289168.56,74763825.66
1427241600,247.21,254.69,234.84,246.72,283476.71,70048536.85
1427500800,246.79,254.25,236.55,247.21,217930.08,53826159.74
1427760000,252.6,254.85,239.57,246.79,223776.28,55282238.94
1428019200,259.64,260.26,250.31,252.6,146284.74,37346885.38
1428278400,244.57,261.45,242.57,259.64,193371.83,48659882.58
1428537600,236.48,246.22,231.3,244.57,221377.16,52894808.26
1428796800,217.99,237.52,214.27,236.48,253371.92,57113090.89
1429056000,222.59,229.53,217.15,217.99,229041.7,51429955.54
1429315200,224.24,226.94,220.57,222.59,116904.61,26219717.59
1429574400,235.4,238.4,223.29,224.24,188357.94,43921499.29
1429833600,218.7,236.55,214.14,235.4,214331.75,48325568.82
1430092800,225.42,242.65,216.6,218.7,250272.31,56336196.51
1430352000,235.34,240.01,224.68,225.42,209453.3,49124199.54
1430611200,235.82,243.58,231.78,235.34,202699.81,48321593.73
1430870400,243.74,247.01,228.24,235.82,282218.61,66669625.51
1431129600,241.81,247.87,238.23,243.74,163955.65,39734930.2
1431388800,236.9,243.91,232.36,241.81,195523.83,46875266.21
1431648000,236.3,238.83,234.57,236.9,101515.82,24086149.91
1431907200,233.96,237.1,231.27,236.3,143769.1,33693025.53
1432166400,238.94,242,233.61,233.96,153073.45,36404712.19
1432425600,237.84,242.39,235.58,238.94,93718.98,22421983.44
1432684800,237.03,238.95,235.13,237.84,122699.4,29195552.13
1432944000,223.14,237.06,220.97,237.03,167685.4,38434112.17
1433203200,224.22,227.86,222.25,223.14,159213.9,35880079.13
1433462400,223.47,226.36,222.15,224.22,119404.32,26876056.33
1433721600,228.79,231.36,222.99,223.47,170629.45,38998316.22
1433980800,232.48,233.14,228.54,228.79,116757.61,26955666.2
1434240000,249.82,254.15,232.09,232.48,218835.57,52663657.32
1434499200,244.13,258.48,242.46,249.82,284453.11,70989263.46
1434758400,247.46,248.6,238.7,244.13,124021.32,30324672.43
1435017600,242.56,247.67,239.05,247.46,125898.11,30639477.95
1435276800,248.88,251.59,240.14,242.56,132210.09,32593642.31
1435536000,257.62,268.73,247.96,248.88,276110.56,71443176.53
1435795200,260.55,261.29,252.44,257.62,114535.27,29398184.57
1436054400,266.21,277.48,257.61,260.55,180633.49,38253402.38
1436313600,283.62,297.85,263.18,266.21,210850.07,58470936.28
1436572800,290.35,315.88,276.85,283.62,314035.4,93192380.82
1436832000,276.59,296.96,273.28,290.35,241522.45,69065642.3
1437091200,273.18,282.53,243.24,276.59,147660.78,40897926.17
1437350400,276.46,281.05,271.82,273.18,137620.06,38164811.94
1437609600,288.74,291.24,274.26,276.46,151669.14,42990566.44
1437868800,293.7,296.68,285.4,288.74,149768.3,43862804.41
1438128000,283.73,294.72,280.77,293.7,144678.14,41645968.57
1438387200,281.58,285,275.93,283.73,120992.85,34053711.51
1438646400,278,285.66,276.46,281.58,116389.11,32906040.88
1438905600,263.87,279.6,257.42,278,182830.13,49382537.98
1439164800,267.66,271.5,260.52,263.87,156665.12,41788315.5
1439424000,260.52,268.39,259.38,267.66,147720.69,39164653
1439683200,246.72,261.92,245.74,260.52,211423.08,54154510.61
1439942400,232.4,247.95,214.29,246.72,394453.06,90225497.04
1440201600,211.43,235.07,207.82,232.4,319741.49,71189583.57
1440460800,222.73,230.69,196.26,211.43,343852.18,75269147.3
1440720000,228.4,234.81,219.6,222.73,174208.94,39941711.02
1440979200,228.63,231.79,224.2,228.4,179816.63,41171988.39
1441238400,233.67,235.61,225.36,228.63,164193.3,37764977.27
1441497600,243.24,246.38,234.74,233.67,199812.98,48289787.46
1441756800,239.9,244.34,234.31,243.24,175575.09,42076308.62
1442016000,229.91,240.32,225.96,239.9,156467.09,36461448.98
1442275200,232.72,242.83,225.05,229.91,157489.87,36268114.98
1442534400,231.09,234.69,229.93,232.72,120792.41,28078825.48
1442793600,229.89,233.24,224.07,231.09,168572.97,38634349.26
1443052800,234.3,237.58,229.57,229.89,173987.89,40758478.52
1443312000,236.71,240.39,231.84,234.3,157710.89,37350216.68
1443571200,236.71,238.66,234.39,236.71,151341.25,35859789.42
1443830400,240.15,277.58,236.07,236.71,136399.68,32589139.15
1444089600,242.58,247.61,239.36,240.15,185598.3,45367661.43
1444348800,247.65,248.26,241.34,242.58,120959.36,29677294.02
1444608000,252.33,255.06,243.11,247.65,184852.96,46026337.86
1444867200,269.58,275.41,251.17,252.33,269656.14,71066633.19
1445126400,269.75,272.44,259.53,269.58,185836.74,49474260.13
1445385600,276.92,279.77,263.54,269.75,222114.18,60710682.06
1445644800,285.15,295.56,277.01,276.92,247239.79,70615846.5
1445904000,313.63,318.48,285.09,285.15,361196.51,109315929.67
1446163200,322.95,334.92,304.6,313.63,336033.73,107986434.35
1446422400,400.89,492.8,319.75,322.95,1162821.51,470018709.66
1446681600,385.09,447.24,348.84,400.89,661253.45,256180497.18
1446940800,336.69,389.78,323.21,385.09,430180.83,157878474.95
1447200000,333.77,346.13,292.38,336.69,525824.37,169679553.66
1447459200,330.21,369.8,314.06,333.77,246569.52,80737278.98
1447718400,324.98,342.91,323.36,330.21,262978.43,87682702.9
1447977600,322.78,328.42,309.48,324.98,191731.18,61658953.27
1448236800,327.52,330.04,315.54,322.78,171078.12,55322900.13
1448496000,355.83,368.92,327.4,327.52,371027.73,130339338.26
1448755200,361.8,382.56,353.66,355.83,309037.65,114280939.15
1449014400,361.67,371.37,347.16,361.8,240223.38,86374982.52
1449273600,394.28,402.19,361.5,361.67,343805.67,133609558.3
1449532800,415.49,424.58,388.03,394.28,293386.15,120627229.77
1449792000,434.69,467.71,403.69,415.49,450638.72,196170808.81
1450051200,453.98,465.16,428.84,434.69,511209.21,230316942.04
1450310400,461.2,466.12,447.29,453.98,209294.3,96097459.28
1450569600,437.03,462.76,423.99,461.2,309308.06,136432236.94
1450828800,454.05,460.62,434.28,437.03,185241.87,83225970.1
1451088000,421.76,456.48,400.45,454.05,344509.62,145802713.93
1451347200,429.95,435.04,417.14,421.76,204128.74,87211140.92
1451606400,430.7,437.95,423.09,429.95,135369.77,58391270.14
1451865600,430.82,435.26,425,430.7,141469.77,61145891.88
1452124800,448.31,462.92,428.52,430.82,261312,117814754.3
1452384000,445.04,451.08,438.62,448.31,145630.61,65050338.17
1452643200,372.26,443.72,364.71,445.04,406354.3,166534539.3
1452902400,384.4,390.72,350.39,372.26,319352.7,120307953.96
1453161600,410.24,425.72,374.05,384.4,346600.4,139556736.2
1453420800,402.13,411.49,374.9,410.24,270775.84,106227499.42
1453680000,395.02,403.78,386.85,402.13,168142.9,66474916.58
1453939200,377.76,395.42,363.49,395.02,251954.96,95365511.73
1454198400,373.92,380.54,365.27,377.76,164346.79,61570197.14
1454457600,386.46,391.83,366.2,373.92,222599.1,84916815.7
1454716800,372.63,386.35,372.1,386.46,181829.5,68621077.67
1454976000,379.45,385.38,371.42,372.63,215499.78,81797959.8
1455235200,405.5,405.93,379.32,379.45,175507.62,68885294.42
1455494400,417.14,421.45,396.56,405.5,244780.81,100149030.07
1455753600,440.06,442.66,414.78,417.14,241213.25,103033382.77
1456012800,419.9,447.61,414.36,440.06,250226.87,108599975.45
1456272000,427.32,427.58,410.36,419.9,173260.63,73375313.18
1456531200,436.21,441.32,421.22,427.32,162412.92,70496847.39
1456790400,419.56,439.02,414.94,436.21,204108.59,87395733.71
1457049600,405.96,423.39,386.93,419.56,267010.68,108467003.65
1457308800,412.76,416.72,401.98,405.96,166463.53,68589574.87
1457568000,410.36,422.4,407.03,412.76,176003.49,73244739.58
1457827200,415.13,417.37,409.57,410.36,132907.26,55156628.61
1458086400,408.16,419.56,402.48,415.13,154423.93,64097460.59
1458345600,411.11,413.45,402.13,408.16,110700.01,45397635.14
1458604800,414.74,419.58,410.78,411.11,128508.59,53582287.47
1458864000,424.57,427.36,412.41,414.74,124369.19,52264657.56
1459123200,412.44,425.36,406.36,424.57,155840.1,65067399.65
1459382400,418.51,420.09,411.45,412.44,111369.06,46397124.09
1459641600,422.07,423.67,416.21,418.51,97121.84,40883522.86
1459900800,417.69,423.51,415.5,422.07,115671.47,48848089.03
1460160000,421.43,422.35,412.39,417.69,89112.12,37472403.77
1460419200,424.02,426.69,420.7,421.43,126464.94,53803268.11
1460678400,426.26,432,423.25,424.02,108728.02,46712694.19
1460937600,441.16,442.86,424.35,426.26,152611.64,66320407
1461196800,450.08,451.48,439.53,441.16,155196.9,69392143.11
1461456000,466,468.86,447.89,450.08,223648.17,103050193.3
1461715200,454.98,467.87,433.9,466,217591.61,98174235.09
1461974400,444.18,456.86,440.21,454.98,130908.47,58696308.22
1462233600,448.08,451.54,441.55,444.18,131078.17,58734232.57
1462492800,457.87,461.48,445.72,448.08,126997.86,58059891.22
1462752000,452.5,464.18,446.81,457.87,148379.75,67707178.56
1463011200,456.44,457.74,448.4,452.5,101937.54,46340844.42
1463270400,453.25,460.28,450.73,456.44,92426.26,42219086.27
1463529600,442.11,456.65,435.42,453.25,140423.67,62925960.47
1463788800,443.69,445.24,436.94,442.11,87635.97,38790866.34
1464048000,453.3,454.25,442.02,443.69,108646.81,48885104.42
1464307200,516.05,548.04,452.71,453.3,438416.83,220048999.78
1464566400,537.4,546.92,512.81,516.05,264014.91,141072237.98
1464825600,571.95,592.68,530.47,537.4,246539.71,138198526.92
1465084800,575.58,591.32,543.63,571.95,212897.28,123447553.45
1465344000,577.89,582.44,567.78,575.58,143719.37,83007658.84
1465603200,700.07,718.24,576.29,577.89,476327.87,313917620.32
1465862400,761.21,769.73,654.69,700.07,443838.98,316026565.16
1466121600,761.04,776.04,704.21,761.21,396841.1,297165334.73
1466380800,590.56,764.6,586.6,761.04,562693.58,380016839.23
1466640000,663.52,688.1,539.28,590.56,558891.58,350722087.81
1466899200,644.89,665.19,609.9,663.52,265399.61,169824055.54
1467158400,674.57,685.11,621.76,644.89,260649.99,171507636.94
1467417600,675.16,701.49,644.04,674.57,230553.77,155904189.4
1467676800,635.25,679.19,604.95,675.16,255300.51,166034706.77
1467936000,647.11,663.49,620.68,635.25,201162.5,130259984.83
1468195200,661.15,673.19,639.97,647.11,175491.46,115764631.26
1468454400,660.69,667.46,646.31,661.15,104412.48,69123910.53
1468713600,671.1,680.94,660.13,660.69,119812.73,80827340.18
1468972800,651.11,672.29,645.69,671.1,135622.19,89709805.52
1469232000,654,664.21,647.98,651.11,94083.36,61751555.73
1469491200,654.13,659.08,643.49,654,107386.71,70198693.73
1469750400,621.87,657.55,621.42,654.13,109285.77,70397742.16
1470009600,566.44,627.89,471.36,621.87,283504.28,163738645.93
1470268800,586.45,596.68,559.5,566.44,98091.23,56395202.79
1470528000,585.25,596.01,580.87,586.45,77054.54,45522612.57
1470787200,587.14,600.52,580.87,585.25,114895.04,68027189.3
1471046400,566.95,590.07,559.28,587.14,86140.77,49546818.4
1471305600,573.39,583.38,563.38,566.95,100839.54,58030504.41
1471564800,580.66,585.32,566.25,573.39,62810.41,36412591.45
1471824000,579.66,591.9,576.82,580.66,93697.97,54767568.7
1472083200,570.35,582.73,567.25,579.66,72588.68,41961858.91
1472342400,577.32,579.94,569.21,570.35,64168.19,37034130.7
1472601600,575.29,704.97,569.3,577.32,77418.12,44514715.36
1472860800,605.76,615.2,572.64,575.29,91676.22,55071358.3
1473120000,625.57,629.3,603.55,605.76,90686.84,56004479.55
1473379200,605.61,630.77,592.79,625.57,80156.59,49777611.54
1473638400,609.54,612.16,603.03,605.61,79704.48,48788668.28
1473897600,607.08,610.73,604.52,609.54,60428.56,36970420.51
1474156800,609.24,612.41,605.22,607.08,60174.1,36796155.8
1474416000,602.92,608.82,591.69,609.24,85225.74,51090389.06
1474675200,606.54,608.46,598.17,602.92,54255.4,32934698.08
1474934400,604.7,608.97,601.73,606.54,69803.95,42423296.61
1475193600,610.69,615,602.25,604.7,57419.73,35046942.64
1475452800,611.82,613.65,606.5,610.69,70340.74,43123971.2
1475712000,617.65,619.56,608.54,611.82,67971.49,41911170.65
1475971200,640.45,642.35,612.76,617.65,94427.08,59285779.65
1476230400,637.92,642.51,630.66,640.45,83989.13,53742236.48
1476489600,637.37,642.18,634.89,637.92,52958.5,34020463.19
1476748800,628.34,639.34,624.09,637.37,80831.14,51356321.8
1477008000,653.03,661.2,627.58,628.34,87092.47,56408823.41
1477267200,674.67,678.39,645.68,653.03,117656.38,77855175.99
1477526400,714.95,720.19,672.26,674.67,139554.04,97042943.98
1477785600,726.76,734.36,682.17,714.95,145439.96,103934375.42
1478044800,702.08,744.43,670.4,726.76,183687.88,131282871
1478304000,705.4,714.13,694.03,702.08,78572.54,55715503.47
1478563200,714.57,741.23,700.96,705.4,143758.05,103742126.01
1478822400,701.97,719.79,685.01,714.57,89321.93,63314332.64
1479081600,740.28,745.98,696.11,701.97,158722.62,114481087.68
1479340800,747.89,755.34,730.08,740.28,128106.48,95885395.22
1479600000,749.34,754.01,712.77,747.89,124372.91,92112662.27
1479859200,740.39,750.93,726.19,749.34,103955.61,77089492.19
1480118400,733.3,740.96,725.62,740.39,78049.63,57572145.14
1480377600,752.63,755.48,727.78,733.3,125874.47,93931597.68
1480636800,766.39,779.02,752.25,752.63,120827.36,93882862.22
1480896000,765.56,769.18,746.01,766.39,119460.1,91335872.46
1481155200,774,776.96,761.17,765.56,70975.21,54979655.76
1481414400,778.74,790.33,763,774,79008.39,61606933.81
1481673600,782.05,783.94,771.01,778.74,78614.28,61428876.71
1481932800,789.79,793.73,779.36,782.05,63574.53,50413207.93
1482192000,860.15,874.68,787.12,789.79,170331.33,141329019.61
1482451200,891.07,920.49,851.42,860.15,190737.44,170553090.15
1482710400,972.17,974.51,885.88,891.07,165764.99,154781172.45
1482969600,963.38,982.57,927.4,972.17,159523.74,153055219.08
1483228800,1033.3,1035.47,956.1,963.38,160888.16,162694867.03
1483488000,886.16,1150.63,852.55,1033.3,590570.97,594584581.65
1483747200,899.78,936.13,806.66,886.16,270148.58,239299153.26
1484006400,810.11,917.65,739.55,899.78,368387.76,302824918.5
1484265600,821.17,838.9,771,810.11,158471.12,129155092.72
1484524800,872.03,913.67,817.7,821.17,184689.09,160908018.43
1484784000,919.84,928.93,870.71,872.03,137684.56,124277121.9
1485043200,893.75,938.38,888.62,919.84,139546.07,127804265.6
1485302400,918.01,922.56,883.63,893.75,102670.87,93313696.54
1485561600,920.73,922.4,911.51,918.01,44421.82,41070384.82
1485820800,1003.97,1009.13,917.38,920.73,150757.38,146538943.46
1486080000,1016.11,1041.04,989.21,1003.97,132191.99,134507517.49
1486339200,1055.49,1069.23,1010.83,1016.11,136718.19,142483019.92
1486598400,1008.32,1073.03,924.65,1055.49,237198.64,234982923.98
1486857600,1008.34,1013.8,975.1,1008.32,87196.92,87420163.77
1487116800,1049.41,1057.39,999.73,1008.34,107151.15,110499653.31
1487376000,1077.56,1081.78,1037.67,1049.41,74326.02,78693123.19
1487635200,1171.91,1181.6,1073.54,1077.56,170699.28,192219190.21
1487894400,1171.58,1211.74,1092.41,1171.91,184796.17,215732099.26
1488153600,1222.66,1225.04,1154.55,1171.58,137202.5,164371996.78
1488412800,1264.32,1291.35,1211.96,1222.66,184185.7,232514837.08
1488672000,1232.69,1280.89,1148.66,1264.32,144179.14,180369959.68
1488931200,1112.39,1330.42,988.69,1232.69,348208.32,410606077.29
1489190400,1238.19,1245.63,1104.78,1112.39,175620.25,210205258.27
1489449600,1172.88,1260.24,1118.96,1238.19,221507.75,269954341.39
1489708800,1022.6,1174.9,940.18,1172.88,480608.08,504780062.12
1489968000,1044.72,1125.53,997.78,1022.6,269308.75,285615634.26
1490227200,966.3,1062.79,890.43,1044.72,316162.2,307336061.12
1490486400,1044.42,1068.41,946.65,966.3,256589.74,259155756.02
1490745600,1079.11,1088.2,1008.34,1044.42,234825.33,245439339.03
1491004800,1147.56,1157.87,1067.47,1079.11,220138.37,244744819.47
1491264000,1188.7,1201.55,1110.06,1147.56,232825.9,267681826.28
1491523200,1204.34,1215.1,1166.65,1188.7,138278.28,165075822.57
1491782400,1212.53,1229.57,1194.81,1204.34,122191.06,148736783.91
1492041600,1176.99,1218.66,841.53,1212.53,141654,168463536.5
1492300800,1206.09,1213.88,1166.74,1176.99,118161.35,143534745.19
1492560000,1249.64,1256.97,1194.08,1206.09,139886.03,174756014.93
1492819200,1248.18,1256.97,1215.78,1249.64,124964.84,159282917.79
1493078400,1332.91,1346.79,1244.21,1248.18,164565.92,217628363.07
1493337600,1351.91,1358.94,1287.62,1332.91,159181.79,215989230.69
1493596800,1485.55,1496.39,1342.78,1351.91,252160.45,370307990.89
1493856000,1545.29,1609.84,1437.11,1485.55,316692.55,493847907.06
1494115200,1697.5,1757.39,1495.18,1545.29,305811.15,505565427.84
1494374400,1686.39,1864.76,1641.18,1697.5,308030.06,547192597.43
1494633600,1708.92,1802.75,1594.59,1686.39,196344.99,339763625.32
1494892800,1880.99,1980.49,1653.72,1708.92,243255.6,437235267.24
1495152000,2044.19,2094.94,1875.28,1880.99,267396.48,531907655.41
1495411200,2445.28,2496.98,1998.61,2044.19,437810.72,979185608.83
1495670400,2052.43,2781.76,1868.56,2445.28,662885.91,1509515746.5
1495929600,2192.55,2337.35,2051.07,2052.43,338204.19,740936839.88
1496188800,2492.6,2493.97,2168.37,2192.55,323473.99,751058840.7
1496448000,2704.96,2705.38,2449.95,2492.6,217121.83,551841293.38
1496707200,2798.78,2931.24,2623.61,2704.96,410324.73,1140000983.63
1496966400,2973.45,2977.86,2786.07,2798.78,236587.61,677623453.72
1497225600,2467.27,2985.06,2348.99,2973.45,508890.64,1347929466.01
1497484800,2655.1,2690.71,2125.56,2467.27,475942.05,1139593715.49
1497744000,2754.38,2800.48,2488.59,2655.1,285136.99,745646057.76
1498003200,2710.37,2804.41,2623.17,2754.38,251269.31,678856916.6
1498262400,2446.05,2741.56,2327.26,2710.37,339762.47,850598557.73
1498521600,2558.37,2616.95,2309.63,2446.05,345011.59,853043047.91
1498780800,2536.46,2576.28,2375.86,2558.37,207078.89,510380095.3
1499040000,2627.86,2658.73,2506.3,2536.46,253812.42,654935697.25
1499299200,2564.86,2634.84,2480.62,2627.86,205112.15,522699628.54
1499558400,2324.29,2576.73,2265.48,2564.86,309589.7,738775440.6
1499817600,2234.17,2436.66,2165.36,2324.29,312100.62,723430034.26
1500076800,2233.39,2237.13,1808.99,2234.17,521848.39,1053373453.87
1500336000,2866.02,2932.81,2164.59,2233.39,667275.6,1630276232.27
1500595200,2756.61,2876.71,2622.54,2866.02,423904.64,1171016910.51
1500854400,2559.21,2798.89,2441.54,2756.61,424395.33,1104277980.69
1501113600,2733.5,2843.78,2547.74,2559.21,327229.09,884179548.7
1501372800,2746.99,2946.02,2621.68,2733.5,297006.97,818986546.53
1501632000,2878.49,2892.67,2668.87,2746.99,218680.9,606851719.95
1501891200,3401.91,3425.13,2875.91,2878.49,308175.23,994243762.17
1502150400,3425.67,3494.87,3251.03,3401.91,275003.75,932252571.25
1502409600,4062.6,4189.42,3409.79,3425.67,379744.97,1453585318.13
1502668800,4387.4,4436.48,3837.13,4062.6,452942.85,1886728774.63
1502928000,4150.45,4487.5,3957.46,4387.4,385598.9,1620854269.83
1503187200,4089.7,4182.29,3612.21,4150.45,329946.4,1313025330.96
1503446400,4364.41,4461.71,4070.49,4089.7,251909.39,1069996989.25
1503705600,4390.31,4408.18,4195.23,4364.41,164161.86,709870469.25
1503964800,4735.11,4765.07,4350.22,4390.31,241566.56,1107915393.41
1504224000,4612.92,4976.52,4397.74,4735.11,365606.57,1708989978.05
1504483200,4618.71,4660.04,4004.62,4612.92,439741.19,1915780133.9
1504742400,4335.13,4699.59,4130.88,4618.71,327982.59,1443954987.38
1505001600,4158.92,4387.76,4032.15,4335.13,303874.99,1279900729.11
1505260800,3713.76,4174.58,2979.88,4158.92,952684.86,3365798074.36
1505520000,4100.28,4122.75,3485.83,3713.76,413356.77,1565748361.72
1505779200,3617.27,4120.71,3576.54,4100.28,354984.74,1374906066.2
1506038400,3667.52,3813.39,3505.81,3617.27,232199.44,851835412.27
1506297600,4212.2,4232.35,3665.67,3667.52,281043.07,1115515504.44
1506556800,4360.62,4383.27,4030.37,4212.2,257525.76,1082306233.28
1506816000,4314.18,4477.38,4230.73,4360.62,213652.63,930153139
1507075200,4371.94,4422.15,4143.35,4314.18,189388.09,814217914.56
1507334400,4777.49,4875.38,4319.48,4371.94,221760.8,1017982818.45
1507593600,5432.62,5432.63,4718.6,4777.49,332883.84,1662893197.31
1507852800,5688.14,5862.69,5391.97,5432.62,392880.22,2217041476.16
1508112000,5575.83,5795.33,5114.87,5677.35,249016.69,1372535462.71
1508371200,6006.65,6187.2,5517.62,5576.71,319860.49,1884252149.29
1508630400,5513.08,6070.56,5463.41,6006.65,385907.14,2231992541.92
1508889600,5764.56,5997.83,5375.64,5513.08,283448.53,1621686657.49
1509148800,6124.28,6295.43,5654.8,5764.56,294912.23,1754202452.87
1509408000,7024.81,7339.91,6090.83,6124.28,473237.74,3170807426.67
1509667200,7389.55,7599.44,6938.93,7024.81,367216.62,2683637523.32
1509926400,7444.36,7869.1,6934.73,7389.55,480957.43,3497471363.91
1510185600,6339.86,7457.12,6197.87,7444.36,484490.15,3307482114.92
1510444800,6597.06,6760.15,5493.64,6339.87,544675.85,3399026413.47
1510704000,7699.95,8000.19,6596.94,6597.06,382405.06,2850690154.92
1510963200,8244.69,8294.12,7458.9,7699.95,218704.61,1729866761.64
1511222400,8013.41,8368.36,7819.06,8245.87,249276.66,2033507934.87
1511481600,9318.42,9474.62,7900.17,8013.38,243557.02,2096694062.11
1511740800,9837.86,11417.84,8938.7,9318.42,427983,4309296596.2
1512000000,10912.73,11175.23,9023.77,9848.05,405753.23,4140353946.32
1512259200,11667.13,11901.87,10578.43,10912.72,304986.81,3486710594.1
1512518400,16047.61,17294.85,11661.76,11667.13,775447.34,11493277839.58
1512777600,16732.47,17399.18,13031,16048.18,543324.46,8238181669.49
1513036800,16467.91,17560.65,15669.86,16733.29,396171.95,6596008701.04
1513296000,19065.71,19870.62,16442.2,16467.91,383233.5,7025807952.41
1513555200,16461.97,19221.1,15642.69,19065.71,541470.89,9525971822.76
1513814400,14396.46,17301.83,10875.71,16461.09,800885.01,11356930138.64
1514073600,15756.56,16094.67,12166.45,14396.63,433028.53,6114902924.85
1514332800,14392.57,16514.59,13466.07,15757.02,427946.54,6322327596.52
1514592000,13444.88,14461.46,11962.09,14392.14,371761.2,4936975031.42
1514851200,15180.08,15435.01,12934.16,13444.88,355244.38,5217704764.01
1515110400,16228.16,17252.85,14832.36,15180.08,304894.78,5006225403.76
1515369600,14919.49,16302.92,13450.54,16228.26,384488.51,5678252678.8
1515628800,14243.12,14979.96,12825.95,14920.36,346821.22,4797139614.84
1515888000,11282.49,14415.67,10032.69,14244.12,491328.63,6125705065.4
1516147200,11521.76,12018.43,9205.38,11282.49,664435.83,7289105821.8
1516406400,10814.52,13031.04,10067.76,11521.82,415235.56,4857469401.32
1516665600,11175.87,11741.92,9980.5,10814.52,367991.17,4057680562.13
1516924800,11767.74,12064.19,10346.86,11175.87,321141.87,3629380135.75
1517184000,10226.86,11860.29,9698.13,11767.74,367047.12,3872633294.35
1517443200,9251.27,10280.84,7786.2,10226.86,670741.09,5986553388.84
1517702400,7701.25,9400.99,5968.36,9251.27,1002320.84,7344953105.59
1517961600,8696.83,8743.2,7208.86,7701.25,626770.38,5102511391.02
1518220800,8911.27,9081.49,7862.31,8696.83,403834.6,3448617153.38
1518480000,10033.75,10223.58,8379.35,8911.17,401112.2,3740852200.77
1518739200,10417.23,11288.34,9720.38,10033.75,383648.37,4049453082.62
1518998400,10481.66,11802.23,10256.21,10418.12,433967.77,4809600646.01
1519257600,9705.73,10941.57,9396.54,10481.66,440149.7,4439884501.55
1519516800,10594.76,10879.38,9329.44,9705.73,299619.31,3035663165.15
1519776000,11043.12,11191.94,10247.56,10594.76,271062.72,2931455285.34
1520035200,11440.73,11694.15,11043.12,11043.12,200619.26,2294399366.87
1520294400,9316.72,11441.65,9086.85,11440.33,447815.85,4561186386.33
1520553600,9544.84,9735.64,8393.45,9316.77,500885.19,4541361862.59
1520812800,8217.7,9907.41,7966.94,9543.98,448503.32,4049532996.41
1521072000,7883.45,8616.63,7698.47,8216.22,428695.14,3504580024.05
1521331200,8920.71,9056.23,7318.46,7882.67,502585.52,4133794607.45
1521590400,8934.8,9184.51,8307.58,8920.53,336157.59,2954660247.56
1521849600,8152.2,9036.23,7869.27,8935.51,301931.85,2564345420.37
1522108800,7106.62,8226.24,6927.11,8152.18,384919.6,2967647135.74
1522368000,6835.84,7280.27,6463.54,7106.62,490708.28,3389963618.5
1522627200,6815.5,8218.66,6727.09,6835.58,353230.57,2531388015.95
1522886400,6917.2,7083.85,6526.67,6815.5,286488.77,1947679603.76
1523145600,6871.07,7204.28,6633.69,6917.2,252955.79,1752220214.28
1523404800,7899.11,8237.16,6791.33,6871.07,407744.38,3112337130.58
1523664000,8079.77,8437.03,7841.19,7898.74,223182.45,1821286143.28
1523923200,8301.82,8321.01,7858.12,8079.77,217804.7,1776480327.37
1524182400,8823.36,9047.82,8243.49,8301.82,276578.81,2419251415.54
1524441600,8873.62,9765.23,8757.06,8823.46,391045.41,3610163309.14
1524700800,8798,8874.84,8669.38,8873.57,16570.74,145472470.38
